main_sent,target
"['PRP', 'VBP']",1
,1
"['NN', 'VBD']",1
,1
"['PRP', 'VBN']",1
"['PRP', 'VBP']",1
"['PRP', 'VBP']",1
"['PRP', 'VB']",1
"['PRP', 'VBZ']",1
,1
"['NN', 'VBG']",1
"['PRP', 'VBG']",1
"['PRP', 'VB']",1
"['PRP', 'VBP']",1
"['NN', 'VBN']",1
"['NNS', 'VBN']",1
"['NN', 'VBZ']",1
"['PRP', 'VBD']",1
"['PRP', 'VBD']",1
"['NNS', 'VBP']",1
"['DT', 'VBP']",1
"['DT', 'VBZ']",1
"['NNS', 'VB']",1
"['DT', 'VBZ']",1
"['NNS', 'VBP']",1
"['NN', 'VBZ']",1
"['NN', 'VBZ']",1
"['PRP', 'VBP']",1
,1
"['PRP', 'VB']",1
"['PRP', 'VBZ']",1
"['NNS', 'VBP']",1
"['NN', 'VBZ']",1
"['PRP', 'VB']",1
"['PRP', 'NNS']",1
"['NN', 'VBZ']",1
"['PRP', 'VBP']",1
"['RB', 'VBD']",1
"['NNS', 'VBP']",1
"['PRP', 'VB']",1
"['NN', 'VBD']",1
"['PRP', 'VBP']",1
"['PRP', 'VBP']",1
"['PRP', 'VBP']",1
"['PRP', 'VB']",1
"['PRP', 'VBP']",1
"['NN', 'VB']",1
"['PRP', 'VB']",1
"['DT', 'VB']",1
,1
"['PRP', 'VBD']",1
"['PRP', 'VBN']",1
"['NNP', 'VBZ']",1
,1
"['PRP', 'VBP']",1
"['PRP', 'VBZ']",1
"['PRP', 'JJ']",1
"['PRP', 'VBP']",1
"['NN', 'VB']",1
"['PRP', 'VBD']",1
"['NNS', 'VB']",1
"['PRP', 'VB']",1
"['WDT', 'VBZ']",1
"['PRP', 'VB']",1
"['PRP', 'VBN']",1
"['NNS', 'VBP']",1
"['NN', 'VBZ']",1
"['PRP', 'VBZ']",1
"['PRP', 'VB']",1
"['PRP', 'VBP']",1
"['NN', 'VBZ']",1
"['PRP', 'VBD']",1
"['NN', 'VBZ']",1
"['NN', 'VB']",1
"['NN', 'VB']",1
"['NN', 'VBN']",1
"['DT', 'VBD']",1
"['PRP', 'VBD']",1
"['PRP', 'VBP']",1
"['WDT', 'VB']",1
,1
"['PRP', 'VBP']",1
"['PRP', 'VB']",1
"['WP', 'NNS']",1
"['NNS', 'VBD']",1
,1
"['PRP', 'VBZ']",1
"['DT', 'VBP']",1
"['PRP', 'VB']",1
"['NN', 'VBD']",1
"['PRP', 'VBD']",1
"['PRP', 'VBP']",1
"['PRP', 'VB']",1
"['PRP', 'VB']",1
"['PRP', 'VBP']",1
"['DT', 'VBN']",1
"['DT', 'VB']",1
"['DT', 'VBZ']",1
"['PRP', 'VB']",1
"['NN', 'VBD']",1
"['PRP', 'VBZ']",1
"['DT', 'VBZ']",1
,1
"['NN', 'VB']",1
"['PRP', 'VBP']",1
"['NNS', 'VBD']",1
"['NNS', 'IN']",1
"['PRP', 'VBP']",1
"['PRP', 'VBP']",1
"['PRP', 'VBP']",1
"['NN', 'VBZ']",1
"['PRP', 'VB']",1
"['NN', 'VBZ']",1
,1
"['NN', 'VBZ']",1
"['DT', 'VBP']",1
"['DT', 'VBZ']",1
"['NN', 'VBZ']",1
"['PRP', 'VBP']",1
"['NN', 'VBZ']",1
"['PRP', 'VB']",1
,1
"['PRP', 'VBP']",1
,1
"['NNS', 'VBD']",1
"['DT', 'VB']",1
"['PRP', 'VBP']",1
,1
"['NN', 'VB']",1
"['PRP', 'VB']",1
"['NN', 'VBZ']",1
"['PRP', 'VBP']",1
"['PRP', 'VB']",1
"['PRP', 'VB']",1
"['PRP', 'VBP']",1
"['PRP', 'VBZ']",1
,1
"['NNS', 'VBN']",1
"['NNS', 'NNS']",1
"['PRP', 'VB']",1
"['NNS', 'VB']",1
"['NN', 'VBZ']",1
"['PRP', 'VBN']",1
"['PRP', 'VB']",1
"['NNP', 'VBD']",1
"['DT', 'VBZ']",1
"['NN', 'VBZ']",1
"['PRP', 'VBD']",1
,1
"['CD', 'VBZ']",1
,1
"['NN', 'VBZ']",1
"['NN', 'VBP']",1
,1
"['NN', 'VBZ']",1
"['NN', 'VBZ']",1
"['PRP', 'VBG']",1
"['NN', 'VBZ']",1
"['NN', 'VBD']",1
"['DT', 'VBZ']",1
"['NN', 'VBZ']",1
"['NN', 'VB']",1
"['NN', 'VBZ']",1
"['WDT', 'VBD']",1
"['NN', 'VBZ']",1
"['WP', 'VBG']",1
"['PRP', 'VB']",1
"['NNS', 'VBN']",1
"['NN', 'VBN']",1
"['NN', 'VBZ']",1
"['NNS', 'VBZ']",1
,1
"['WDT', 'VBP']",1
"['PRP', 'VB']",1
"['NN', 'VBZ']",1
"['PRP', 'IN']",1
"['PRP', 'VBP']",1
"['JJS', 'VBP']",1
"['PRP', 'VBP']",1
"['NNS', 'VB']",1
"['NN', 'VB']",1
"['NN', 'VB']",1
"['PRP', 'VB']",1
"['NN', 'VBZ']",1
"['DT', 'VBZ']",1
"['NN', 'VBZ']",1
"['PRP', 'VBD']",1
"['NNS', 'VB']",1
"['PRP', 'VBD']",1
"['NN', 'VBZ']",1
"['NNS', 'VBP']",1
"['PRP', 'VBZ']",1
"['PRP', 'VBP']",1
"['NN', 'VBD']",1
"['DT', 'VBZ']",1
"['PRP', 'VBP']",1
"['NN', 'VB']",1
"['NNS', 'VBD']",1
"['NN', 'VBZ']",1
"['PRP', 'VBD']",1
"['NNS', 'VBD']",1
"['NNS', 'VBP']",1
"['NNS', 'IN']",1
"['PRP', 'VBP']",1
"['NNS', 'VBP']",1
"['WDT', 'VB']",1
,1
"['DT', 'VBP']",1
"['DT', 'VBZ']",1
"['WP', 'VBP']",1
"['PRP', 'VBD']",1
"['NNS', 'VBP']",1
"['DT', 'VBZ']",1
"['PRP', 'VBG']",1
,1
,1
"['CD', 'VBZ']",1
"['NNS', 'VBP']",1
"['PRP', 'VBP']",1
"['NNS', 'VBP']",1
"['NN', 'VBZ']",1
"['PRP', 'VBP']",1
"['NN', 'VBZ']",1
"['PRP', 'VBP']",1
"['DT', 'VB']",1
"['NN', 'VBD']",1
"['NN', 'VB']",1
"['PRP', 'VBZ']",1
"['WDT', 'NN']",1
"['PRP', 'VBZ']",1
"['NN', 'VBZ']",1
"['NN', 'VBZ']",1
"['PRP', 'VBZ']",1
"['PRP', 'VBP']",1
"['DT', 'VBZ']",1
"['WP', 'VBN']",1
"['NNS', 'VB']",1
"['PRP', 'VBZ']",1
"['NNS', 'VB']",1
"['NN', 'VBN']",1
,1
"['PRP', 'VBD']",1
"['PRP', 'VB']",1
,1
"['PRP', 'VB']",1
"['DT', 'VBZ']",1
"['NN', 'VBG']",1
"['NN', 'VBZ']",1
"['PRP', 'VBG']",1
"['DT', 'VBZ']",1
"['PRP', 'VB']",1
"['NN', 'VBZ']",1
,1
"['DT', 'VBZ']",1
"['PRP', 'VBD']",1
"['PRP', 'VBZ']",1
"['PRP', 'VBZ']",1
"['NN', 'VBZ']",1
"['NN', 'VBZ']",1
"['PRP', 'VBP']",1
"['PRP', 'VBZ']",1
"['NN', 'VBZ']",1
"['VBG', 'VBZ']",1
"['PRP', 'VB']",1
"['NN', 'VBZ']",1
"['PRP', 'VBP']",1
"['NN', 'VBD']",1
"['PRP', 'IN']",1
"['PRP', 'VBN']",1
"['PRP', 'VBP']",1
"['NN', 'VBD']",1
"['PRP', 'VB']",1
"['NN', 'VBZ']",1
"['WDT', 'VBP']",1
"['PRP', 'VB']",1
"['NN', 'VBZ']",1
"['PRP', 'VBZ']",1
"['NNS', 'VBN']",1
"['PRP', 'VB']",1
"['DT', 'VBZ']",1
"['NN', 'VBZ']",1
"['NN', 'VBZ']",1
"['DT', 'VBZ']",1
"['NNS', 'VB']",1
"['PRP', 'VB']",1
,1
,1
"['PRP', 'VBZ']",1
"['WDT', 'VBP']",1
"['NN', 'NN']",1
"['WDT', 'RB']",1
"['PRP', 'VB']",1
"['NNS', 'VBP']",1
"['PRP', 'VB']",1
"['PRP', 'VBD']",1
"['PRP', 'VB']",1
"['NN', 'VBG']",1
"['VBG', 'VBZ']",1
"['NNS', 'VBP']",1
"['PRP', 'VB']",1
"['PRP', 'VBP']",1
"['NNS', 'VB']",1
"['NNS', 'VB']",1
"['PRP', 'VBG']",1
"['PRP', 'VBZ']",1
"['PRP', 'VBP']",1
"['NN', 'VBZ']",1
"['DT', 'VBN']",1
"['NN', 'VB']",1
"['NN', 'VB']",1
,1
"['DT', 'VBZ']",1
"['PRP', 'NN']",1
"['NNS', 'VBD']",1
"['NNS', 'VBP']",1
"['NN', 'VBD']",1
"['PRP', 'VBD']",1
"['PRP', 'VB']",1
"['NN', 'VB']",1
"['PRP', 'VBP']",1
"['NNS', 'VBD']",1
"['PRP', 'VBZ']",1
"['NN', 'VBZ']",1
,1
"['NN', 'VBZ']",1
"['NNS', 'VBN']",1
"['NNS', 'VBG']",1
"['NNS', 'VBP']",1
"['DT', 'VBZ']",1
"['NNS', 'VB']",1
"['WDT', 'NNS']",1
"['NN', 'VBD']",1
"['PRP', 'VBP']",1
"['NNS', 'VBP']",1
"['NN', 'VB']",1
"['NNS', 'VBZ']",1
"['PRP', 'VB']",1
"['PRP', 'VBP']",1
,1
"['NNS', 'VBP']",1
"['PRP', 'VBD']",1
"['NNS', 'VBP']",1
"['PRP', 'VBD']",1
,1
"['PRP', 'VBP']",1
"['NN', 'VBD']",1
"['PRP', 'VBP']",1
"['NN', 'VBD']",1
"['PRP', 'VBZ']",1
,1
"['NNS', 'VB']",1
"['PRP', 'VBP']",1
"['NN', 'VB']",1
"['NN', 'VBZ']",1
"['PRP', 'VBZ']",1
"['NNS', 'VBP']",1
,1
"['PRP', 'VBP']",1
"['PRP', 'VB']",1
,1
"['PRP', 'RB']",1
"['NN', 'VBZ']",1
"['PRP', 'VBZ']",1
"['PRP', 'VBZ']",1
"['PRP', 'VBD']",1
"['PRP', 'VBN']",1
"['DT', 'VBZ']",1
"['PRP', 'VBN']",1
"['PRP', 'VBP']",1
"['NN', 'VBP']",1
"['PRP', 'VBP']",1
"['PRP', 'VBP']",1
"['PRP', 'VB']",1
"['NNS', 'VBP']",1
"['PRP', 'VBZ']",1
"['PRP', 'VBD']",1
"['PRP', 'VB']",1
"['PRP', 'VBP']",1
"['NN', 'VB']",1
"['NNS', 'VBP']",1
"['PRP', 'VB']",1
"['PRP', 'VB']",1
"['NN', 'VBZ']",1
"['PRP', 'VBD']",1
"['PRP', 'VB']",1
"['PRP', 'VBZ']",1
"['PRP', 'VBD']",1
"['NN', 'VBZ']",1
,1
"['NN', 'VBZ']",1
,1
"['PRP', 'VBZ']",1
"['NNS', 'VBP']",1
"['PRP', 'VB']",1
"['NNS', 'VBP']",1
"['PRP', 'VBP']",1
"['NN', 'VBZ']",1
"['NNS', 'VBP']",1
"['NNS', 'VBP']",1
"['NN', 'VBZ']",1
"['NN', 'VB']",1
"['PRP', 'VBP']",1
"['NN', 'VBG']",1
"['NN', 'VBP']",1
"['NN', 'VBZ']",1
"['NN', 'VBZ']",1
"['NNP', 'VB']",1
"['IN', 'UH']",1
"['NNS', 'VBG']",1
"['DT', 'VBZ']",1
"['NN', 'VBZ']",1
"['DT', 'VBZ']",1
"['NNS', 'VBP']",1
"['NNS', 'VB']",1
"['PRP', 'VBP']",1
"['NN', 'VB']",1
"['PRP', 'VBP']",1
,1
"['NNS', 'VBP']",1
"['NNS', 'VB']",1
"['PRP', 'VBZ']",1
"['PRP', 'VB']",1
"['NN', 'VBZ']",1
"['PRP', 'VBP']",1
"['DT', 'VB']",1
"['PRP', 'VBP']",1
"['NN', 'VBZ']",1
"['PRP', 'VBP']",1
"['NNS', 'VBP']",1
"['PRP', 'VBP']",1
,1
"['NNS', 'VBD']",1
"['PRP', 'VBP']",1
"['PRP', 'VBZ']",1
"['NN', 'VB']",1
,1
"['NNS', 'VB']",1
"['PRP', 'VBP']",1
"['PRP', 'VB']",1
"['NN', 'VBZ']",1
"['PRP', 'VBN']",1
"['NNS', 'VBN']",1
"['NNS', 'VB']",1
"['NNS', 'VBP']",1
"['PRP', 'VBD']",1
"['PRP', 'VB']",1
"['PRP', 'VBZ']",1
"['PRP', 'VBP']",1
"['PRP', 'VB']",1
"['NN', 'VB']",1
"['PRP', 'VBZ']",1
"['PRP', 'VBD']",1
,1
"['PRP', 'VBZ']",1
"['NN', 'VBN']",1
"['PRP', 'VB']",1
"['PRP', 'VBZ']",1
"['NN', 'VBN']",1
"['NNP', 'VBZ']",1
"['PRP', 'VB']",1
"['NN', 'VB']",1
"['PRP', 'VBN']",1
"['NNS', 'VBP']",1
"['NN', 'VBZ']",1
"['WP', 'VBP']",1
,1
"['PRP', 'VBP']",1
"['NNS', 'VBP']",1
"['NN', 'VBZ']",1
"['PRP', 'VB']",1
"['DT', 'VBD']",1
"['PRP', 'VBP']",1
"['PRP', 'VB']",1
"['NN', 'VBD']",1
"['NNS', 'VBD']",1
"['PRP', 'VBD']",1
"['PRP', 'VBP']",1
"['PRP', 'VBZ']",1
"['NN', 'VB']",1
"['NN', 'VBZ']",1
,1
"['PRP', 'VBZ']",1
"['PRP', 'VBP']",1
"['NNS', 'VBP']",1
"['PRP', 'VBP']",1
"['JJS', 'VBP']",1
"['PRP', 'VB']",1
"['JJS', 'VBP']",1
"['PRP', 'VB']",1
"['PRP', 'VBN']",1
"['PRP', 'VBP']",1
"['NN', 'NNS']",1
"['PRP', 'VBZ']",1
"['NN', 'VBP']",1
"['PRP', 'VBP']",1
,1
"['PRP', 'VBP']",1
"['NNS', 'VBP']",1
"['PRP', 'VBN']",1
"['NNS', 'VBP']",1
"['NNS', 'VBP']",1
"['PRP', 'VBN']",1
"['PRP', 'VB']",1
"['PRP', 'VBD']",1
"['PRP', 'VBP']",1
"['NN', 'VBZ']",1
"['PRP', 'IN']",1
"['JJ', 'NN']",1
"['NNS', 'VB']",1
"['NNS', 'VBP']",1
"['NN', 'VBZ']",1
"['NNS', 'VBP']",1
"['NNS', 'VB']",1
"['NN', 'VBZ']",1
"['PRP', 'VBP']",1
"['NN', 'VB']",1
"['NN', 'VB']",1
"['NNS', 'VB']",1
"['NN', 'VBD']",1
"['NNS', 'VBP']",1
"['PRP', 'VBP']",1
"['PRP', 'IN']",1
"['PRP', 'VBP']",1
"['NN', 'VBZ']",1
"['PRP', 'VBD']",1
"['PRP', 'VBZ']",1
"['PRP', 'VBP']",1
"['PRP', 'VBD']",1
,1
"['NN', 'VB']",1
"['PRP', 'VBP']",1
,1
"['CD', 'VBZ']",1
"['PRP', 'VBZ']",1
"['DT', 'VBZ']",1
"['NNS', 'VBG']",1
"['NNS', 'VBP']",1
"['DT', 'VB']",1
"['DT', 'VBZ']",1
"['PRP', 'VB']",1
"['NNS', 'VBP']",1
"['PRP', 'VB']",1
"['PRP', 'IN']",1
"['NN', 'VBZ']",1
"['PRP', 'VBP']",1
"['PRP', 'VBP']",1
"['NN', 'VBD']",1
"['PRP', 'VBZ']",1
"['NN', 'VBZ']",1
"['PRP', 'VB']",1
"['PRP', 'VBP']",1
"['NNS', 'VBP']",1
"['PRP', 'VBN']",1
"['NNS', 'NN']",1
"['PRP', 'VB']",1
,1
"['NNP', 'VBD']",1
"['PRP', 'VB']",1
"['PRP', 'VB']",1
,1
"['PRP', 'VBP']",1
"['PRP', 'VB']",1
"['PRP', 'VBZ']",1
"['NN', 'VBZ']",1
"['DT', 'VBZ']",1
"['NNS', 'VBG']",1
"['PRP', 'VBZ']",1
"['PRP', 'VBD']",1
"['PRP', 'VB']",1
"['NN', 'VBG']",1
"['PRP', 'VBD']",1
"['PRP', 'VBP']",1
"['DT', 'VB']",1
"['NNS', 'VB']",1
"['DT', 'VBP']",1
"['NNS', 'VB']",1
"['PRP', 'VBP']",1
"['PRP', 'VB']",1
"['NNS', 'VB']",1
"['PRP', 'VBP']",1
"['WP', 'VBD']",1
"['PRP', 'VBZ']",1
"['NN', 'VBZ']",1
"['PRP', 'VBD']",1
"['NNS', 'VBD']",1
"['PRP', 'NN']",1
"['PRP', 'VBZ']",1
"['NNS', 'VBP']",1
"['NNS', 'VBN']",1
,1
"['NN', 'VBG']",1
"['NN', 'VBZ']",1
"['NNS', 'VBD']",1
"['PRP', 'VBP']",1
"['NN', 'VB']",1
"['WDT', 'VB']",1
"['PRP', 'VB']",1
,1
"['PRP', 'IN']",1
"['NNS', 'VBP']",1
"['NNS', 'VB']",1
"['NN', 'VB']",1
"['JJ', 'VB']",1
"['JJ', 'VB']",1
"['NN', 'VBZ']",1
"['NN', 'VBD']",1
"['NNS', 'VB']",1
"['NN', 'VBZ']",1
"['PRP', 'VBD']",1
"['PRP', 'VBP']",1
"['PRP', 'VBG']",1
"['PRP', 'VBP']",1
"['NN', 'VB']",1
,1
"['PRP', 'VB']",1
"['PRP', 'VBP']",1
"['PRP', 'VBP']",1
"['NNS', 'VB']",1
"['PRP', 'NNS']",1
"['PRP', 'VBP']",1
"['NN', 'VB']",1
"['NNS', 'VB']",1
"['DT', 'VBD']",1
"['NNS', 'VBP']",1
"['PRP', 'VBN']",1
"['PRP', 'VBD']",1
"['PRP', 'VBZ']",1
"['PRP', 'VBP']",1
"['NN', 'VBZ']",1
"['PRP', 'VBZ']",1
"['PRP', 'VB']",1
"['NN', 'VBZ']",1
"['PRP', 'VB']",1
,1
"['NN', 'VBP']",1
"['NN', 'VB']",1
"['PRP', 'VBP']",1
"['WDT', 'VBZ']",1
"['NNS', 'VBP']",1
,1
"['PRP', 'CC']",1
"['PRP', 'VBP']",1
"['PRP', 'VBZ']",1
"['PRP', 'VBZ']",1
"['PRP', 'VBZ']",1
,1
"['WP', 'VBP']",1
"['NNS', 'VBN']",1
"['PRP', 'VBG']",1
"['PRP', 'VBZ']",1
"['PRP', 'VBP']",1
"['NN', 'VBZ']",1
"['NN', 'VB']",1
"['NN', 'VBZ']",1
"['PRP', 'VB']",1
"['PRP', 'VB']",1
"['DT', 'VBZ']",1
"['DT', 'VB']",1
"['WP', 'NNS']",1
"['DT', 'VBZ']",1
"['DT', 'VB']",1
"['PRP', 'VBD']",1
"['PRP', 'VB']",1
"['PRP', 'VBP']",1
"['NNS', 'VB']",1
"['NNS', 'VBP']",1
,1
"['NN', 'VBG']",1
"['PRP', 'VB']",1
"['PRP', 'VB']",1
"['PRP', 'VBP']",1
"['NNS', 'VBP']",1
"['PRP', 'VB']",1
"['PRP', 'VBG']",1
"['NNS', 'VBD']",1
"['NNS', 'VBD']",1
"['NNS', 'VBP']",1
"['NNS', 'VBD']",1
"['PRP', 'VB']",1
"['NNS', 'VBP']",1
"['PRP', 'VBP']",1
"['NNS', 'VBD']",1
"['NNS', 'VBG']",1
"['PRP', 'VBD']",1
"['PRP', 'VBD']",1
"['JJS', 'VBP']",1
"['DT', 'VBZ']",1
"['NN', 'VBN']",1
,1
"['PRP', 'VBP']",1
"['NN', 'VBZ']",1
,1
"['NNS', 'VBP']",1
"['NN', 'IN']",1
"['NNS', 'VBZ']",1
"['DT', 'VBZ']",1
"['NN', 'VBZ']",1
"['WP', 'VB']",1
"['NN', 'VBZ']",1
"['PRP', 'VB']",1
"['PRP', 'VB']",1
"['NNS', 'VB']",1
"['NNS', 'VBP']",1
"['NNS', 'VBD']",1
"['WDT', 'VBN']",1
"['NNS', 'VBN']",1
"['PRP', 'VB']",1
"['NNS', 'VB']",1
"['NN', 'VB']",1
"['PRP', 'VB']",1
"['NNS', 'VBP']",1
"['PRP', 'VBP']",1
"['PRP', 'IN']",1
"['PRP', 'VBZ']",1
"['PRP', 'VBD']",1
"['PRP', 'VBP']",1
"['NNS', 'VB']",1
"['NN', 'VBZ']",1
"['PRP', 'VBD']",1
"['PRP', 'VB']",1
"['PRP', 'VBD']",1
"['NNS', 'VB']",1
,1
"['PRP', 'VB']",1
"['VBZ', 'VB']",1
"['PRP', 'VBD']",1
"['WDT', 'VB']",1
"['DT', 'VBZ']",1
"['NNS', 'VBP']",1
"['PRP', 'VBZ']",1
"['NNS', 'VB']",1
"['NNS', 'VBD']",1
"['NNS', 'VBP']",1
"['NN', 'VB']",1
,1
"['PRP', 'VB']",1
"['PRP', 'VB']",1
"['NN', 'VBZ']",1
"['PRP', 'VBP']",1
"['PRP', 'VBP']",1
,1
"['NNS', 'VBP']",1
"['NN', 'VBN']",1
"['PRP', 'VBG']",1
"['NN', 'VBZ']",1
"['CD', 'VB']",1
"['NNS', 'VBP']",1
"['NN', 'VBP']",1
"['PRP', 'VBZ']",1
"['NNS', 'VB']",1
"['NN', 'VB']",1
"['NN', 'VB']",1
"['NN', 'VB']",1
"['NNS', 'VBN']",1
,1
"['PRP', 'VBP']",0
,0
"['NN', 'VBD']",0
,0
"['NN', 'VBP']",0
"['PRP', 'VBP']",0
"['PRP', 'VBP']",0
"['PRP', 'VB']",0
"['PRP', 'VBZ']",0
,0
"['NN', 'VBZ']",0
"['PRP', 'VBN']",0
"['PRP', 'VBZ']",0
"['PRP', 'VBP']",0
"['NNP', 'NN']",0
"['NNS', 'VBN']",0
"['NN', 'VBZ']",0
"['PRP', 'VBD']",0
"['PRP', 'VBD']",0
"['NNS', 'VBP']",0
"['WP', 'VB']",0
"['PRP', 'VBP']",0
"['NNS', 'VB']",0
"['NN', 'VBP']",0
"['NNS', 'VBP']",0
"['NN', 'VBG']",0
"['NN', 'VBP']",0
"['PRP', 'VBP']",0
,0
"['PRP', 'VB']",0
"['PRP', 'VBZ']",0
"['NNS', 'VBP']",0
"['NN', 'NN']",0
"['PRP', 'VBD']",0
"['PRP', 'NNS']",0
"['NNS', 'VBZ']",0
"['PRP', 'VBP']",0
"['NNS', 'NN']",0
"['NNS', 'VBP']",0
"['PRP', 'VB']",0
"['NNP', 'VBP']",0
"['PRP', 'VBP']",0
"['NNS', 'NNS']",0
"['PRP', 'VBP']",0
"['PRP', 'VB']",0
"['PRP', 'VB']",0
"['NN', 'VB']",0
,0
"['DT', 'MD']",0
"['NN', 'VBZ']",0
"['PRP', 'VBZ']",0
"['PRP', 'VBN']",0
"['NNP', 'VBZ']",0
,0
"['PRP', 'VB']",0
"['PRP', 'VBZ']",0
"['PRP', 'JJ']",0
"['PRP', 'VBP']",0
"['NN', 'VB']",0
"['PRP', 'VBD']",0
"['NNS', 'VB']",0
"['PRP', 'VB']",0
"['NN', 'VBP']",0
"['PRP', 'VB']",0
"['PRP', 'VBN']",0
"['WP', 'NNS']",0
"['NN', 'VBZ']",0
"['PRP', 'VBZ']",0
"['PRP', 'VB']",0
"['PRP', 'VBP']",0
"['NN', 'VBP']",0
"['PRP', 'VBP']",0
"['PRP', 'IN']",0
"['NN', 'VB']",0
"['NN', 'VBP']",0
,0
"['DT', 'VBD']",0
"['PRP', 'VBZ']",0
"['PRP', 'VBP']",0
"['WDT', 'VB']",0
,0
"['PRP', 'VBP']",0
"['PRP', 'VBZ']",0
"['NNS', 'VBP']",0
"['NNS', 'VBD']",0
,0
"['PRP', 'VBZ']",0
"['DT', 'VBP']",0
"['PRP', 'VB']",0
"['NN', 'VBD']",0
"['PRP', 'VBD']",0
"['PRP', 'VBP']",0
"['NN', 'MD']",0
"['PRP', 'VB']",0
"['PRP', 'VBP']",0
"['DT', 'VBN']",0
"['DT', 'VB']",0
"['NNS', 'VB']",0
"['PRP', 'VB']",0
"['NN', 'VBD']",0
"['PRP', 'VBZ']",0
"['DT', 'VBZ']",0
"['DT', 'VB']",0
"['NNS', 'IN']",0
"['PRP', 'VBP']",0
"['NNS', 'VBD']",0
"['NNS', 'IN']",0
"['PRP', 'VBP']",0
"['NNP', 'VBZ']",0
"['PRP', 'VBP']",0
"['NN', 'VBZ']",0
"['PRP', 'VB']",0
"['NN', 'VBZ']",0
,0
"['NN', 'VBZ']",0
"['DT', 'VBP']",0
"['DT', 'VBZ']",0
"['NN', 'VBZ']",0
"['PRP', 'VBP']",0
"['NN', 'VBZ']",0
"['PRP', 'VBP']",0
,0
"['PRP', 'VBP']",0
"['MD', 'NN']",0
"['NNS', 'VBD']",0
"['DT', 'VB']",0
"['PRP', 'VBP']",0
,0
"['NN', 'VB']",0
"['PRP', 'VB']",0
"['NN', 'VBZ']",0
"['PRP', 'VBP']",0
"['PRP', 'VB']",0
"['PRP', 'VB']",0
"['PRP', 'VBP']",0
,0
,0
"['NN', 'VBN']",0
"['NNS', 'NNS']",0
"['PRP', 'VB']",0
"['NNS', 'VB']",0
"['NN', 'RB']",0
,0
"['PRP', 'VB']",0
"['NNP', 'VBD']",0
"['DT', 'VBZ']",0
"['NN', 'VBP']",0
"['PRP', 'VBD']",0
,0
"['CD', 'VBZ']",0
,0
"['NN', 'VBZ']",0
"['NN', 'VBP']",0
,0
"['NN', 'VBP']",0
"['NN', 'VBP']",0
"['PRP', 'VBG']",0
"['NN', 'VBZ']",0
"['NN', 'VB']",0
"['NN', 'VBZ']",0
"['NN', 'VBZ']",0
"['NN', 'VB']",0
"['NN', 'VBZ']",0
"['WDT', 'VBD']",0
"['NN', 'VBZ']",0
"['WDT', 'VBZ']",0
"['PRP', 'VB']",0
"['NNS', 'VBD']",0
"['NN', 'VBZ']",0
"['NN', 'VBZ']",0
"['NNS', 'VBP']",0
,0
"['WDT', 'VBP']",0
"['PRP', 'VB']",0
"['NN', 'VBZ']",0
"['PRP', 'IN']",0
"['PRP', 'VBP']",0
"['JJS', 'VBP']",0
"['PRP', 'VBP']",0
"['NNS', 'VB']",0
"['NN', 'VB']",0
"['NN', 'VBZ']",0
"['PRP', 'VB']",0
"['NN', 'VB']",0
"['DT', 'VBZ']",0
"['NN', 'VBZ']",0
"['PRP', 'VBD']",0
"['NNS', 'VB']",0
"['PRP', 'VBP']",0
"['NN', 'VBZ']",0
"['NNS', 'VBP']",0
"['PRP', 'VBP']",0
"['PRP', 'VBP']",0
"['NN', 'VBD']",0
"['DT', 'VBZ']",0
"['PRP', 'VBP']",0
"['NN', 'VB']",0
"['NNS', 'VBP']",0
"['PRP', 'VBN']",0
"['PRP', 'VBD']",0
"['NNS', 'VBD']",0
"['NNS', 'VBZ']",0
"['NNS', 'IN']",0
,0
"['NNS', 'VBP']",0
"['WDT', 'VB']",0
,0
"['DT', 'VBD']",0
"['DT', 'VBZ']",0
"['WP', 'VBP']",0
"['PRP', 'VBD']",0
"['NNS', 'VBP']",0
"['DT', 'VBZ']",0
"['PRP', 'VBG']",0
,0
,0
"['CD', 'VBZ']",0
"['NNP', 'VBP']",0
"['PRP', 'VBP']",0
"['NNS', 'VBP']",0
"['NN', 'VBZ']",0
"['PRP', 'VBP']",0
"['NN', 'VBZ']",0
"['PRP', 'VBP']",0
"['DT', 'VB']",0
"['NN', 'VBD']",0
"['NN', 'VB']",0
"['PRP', 'VBZ']",0
"['WDT', 'NN']",0
"['PRP', 'VBZ']",0
"['NN', 'VBZ']",0
"['NN', 'VBZ']",0
"['PRP', 'VBG']",0
"['PRP', 'VBP']",0
"['DT', 'VBZ']",0
"['WP', 'VBN']",0
"['NNS', 'VB']",0
"['PRP', 'VBG']",0
"['NNS', 'VB']",0
"['NN', 'VBN']",0
,0
"['PRP', 'VBD']",0
"['PRP', 'VB']",0
,0
"['PRP', 'VB']",0
"['DT', 'VBZ']",0
"['NN', 'VBG']",0
"['NN', 'VBZ']",0
"['PRP', 'VBG']",0
"['DT', 'VBZ']",0
"['PRP', 'VB']",0
"['NN', 'VBP']",0
,0
"['DT', 'VBZ']",0
"['PRP', 'VBD']",0
"['PRP', 'VBZ']",0
"['PRP', 'VBZ']",0
"['NN', 'VBD']",0
"['NN', 'VBZ']",0
"['PRP', 'VBP']",0
"['PRP', 'VBZ']",0
"['NN', 'VBZ']",0
"['NN', 'VB']",0
"['PRP', 'VB']",0
"['NN', 'VBZ']",0
"['PRP', 'VBP']",0
,0
"['PRP', 'IN']",0
"['PRP', 'VBN']",0
"['PRP', 'VBP']",0
"['NN', 'VBD']",0
"['PRP', 'VB']",0
"['NN', 'VBP']",0
"['WDT', 'VBP']",0
"['PRP', 'VB']",0
"['NN', 'VBZ']",0
"['PRP', 'VBZ']",0
"['NNS', 'VBN']",0
"['PRP', 'VB']",0
"['DT', 'VBZ']",0
"['NN', 'VBZ']",0
"['NN', 'VBZ']",0
"['DT', 'VBZ']",0
"['NNS', 'VB']",0
"['PRP', 'VB']",0
,0
,0
"['PRP', 'VBZ']",0
"['WDT', 'VBP']",0
"['NN', 'NNS']",0
"['NN', 'VBZ']",0
"['PRP', 'VB']",0
"['NN', 'VBZ']",0
"['PRP', 'VB']",0
"['PRP', 'VBP']",0
"['PRP', 'VB']",0
"['JJ', 'VBZ']",0
"['VBG', 'VBZ']",0
"['NNS', 'VBP']",0
"['PRP', 'VB']",0
"['PRP', 'VBD']",0
"['NN', 'VB']",0
"['NNS', 'VB']",0
,0
"['PRP', 'VBZ']",0
"['PRP', 'VBP']",0
"['NN', 'VBP']",0
"['DT', 'VBN']",0
"['NN', 'VB']",0
"['NN', 'VB']",0
,0
"['DT', 'VBZ']",0
"['PRP', 'VBZ']",0
"['NNS', 'VBD']",0
"['NNS', 'VBP']",0
,0
"['PRP', 'VBD']",0
"['PRP', 'VB']",0
"['NN', 'VBZ']",0
"['PRP', 'VBP']",0
"['NNS', 'NNS']",0
"['PRP', 'VBZ']",0
"['NN', 'VBZ']",0
,0
"['NN', 'VBZ']",0
"['NNS', 'VBN']",0
"['NNS', 'VBG']",0
"['NNS', 'VBP']",0
"['DT', 'VBZ']",0
"['NNS', 'VB']",0
"['WDT', 'NNS']",0
"['NNS', 'VBD']",0
"['PRP', 'VBP']",0
,0
"['NN', 'VB']",0
"['WDT', 'VBP']",0
"['PRP', 'VB']",0
"['PRP', 'VBP']",0
,0
"['NNS', 'VBP']",0
"['PRP', 'VBD']",0
"['NNS', 'VBP']",0
"['PRP', 'VBD']",0
,0
"['PRP', 'VBP']",0
"['NN', 'VBD']",0
"['PRP', 'VBP']",0
"['NN', 'VBD']",0
"['PRP', 'VBZ']",0
,0
"['NN', 'VB']",0
"['PRP', 'VBP']",0
"['NN', 'VB']",0
"['NN', 'NN']",0
"['PRP', 'VBP']",0
"['NNS', 'VBP']",0
,0
"['PRP', 'VBP']",0
"['PRP', 'VB']",0
,0
"['PRP', 'RB']",0
"['NN', 'VBZ']",0
"['PRP', 'VBZ']",0
"['PRP', 'VBZ']",0
"['PRP', 'IN']",0
"['PRP', 'VBN']",0
"['DT', 'VBZ']",0
"['PRP', 'VBN']",0
"['PRP', 'VBZ']",0
"['NN', 'VBZ']",0
"['PRP', 'VBP']",0
"['PRP', 'VBP']",0
"['PRP', 'VB']",0
"['JJS', 'VBP']",0
"['PRP', 'IN']",0
"['PRP', 'VBD']",0
"['PRP', 'VBP']",0
"['PRP', 'VBP']",0
"['NN', 'VB']",0
"['NNS', 'VBP']",0
"['PRP', 'VB']",0
"['PRP', 'VBP']",0
"['NN', 'VBZ']",0
"['PRP', 'VBN']",0
"['PRP', 'VB']",0
"['PRP', 'VBZ']",0
"['PRP', 'VBD']",0
"['NN', 'VBZ']",0
,0
,0
,0
"['PRP', 'VBZ']",0
"['NNS', 'VB']",0
"['PRP', 'VB']",0
"['NNS', 'VBP']",0
"['PRP', 'VBP']",0
"['NN', 'VBZ']",0
"['NNS', 'VBP']",0
"['NNS', 'VBP']",0
"['NN', 'VBZ']",0
"['NN', 'VB']",0
"['PRP', 'VBP']",0
"['NN', 'VBG']",0
"['NN', 'VBP']",0
"['NN', 'VBZ']",0
"['NN', 'VBZ']",0
"['NNP', 'VB']",0
"['NNS', 'VBP']",0
"['NNS', 'VBG']",0
"['DT', 'VBZ']",0
"['NN', 'VBZ']",0
"['DT', 'VBZ']",0
"['NNS', 'VBP']",0
"['NNS', 'VBD']",0
"['PRP', 'VBP']",0
"['NN', 'VB']",0
"['PRP', 'VBP']",0
,0
"['NNS', 'VBP']",0
,0
"['PRP', 'JJ']",0
"['PRP', 'VBZ']",0
"['NN', 'VBZ']",0
"['PRP', 'VBP']",0
"['DT', 'VB']",0
"['PRP', 'VBP']",0
"['NN', 'VBZ']",0
"['PRP', 'VBP']",0
"['NNS', 'VBP']",0
"['PRP', 'VBP']",0
,0
"['NNS', 'VBN']",0
"['WDT', 'VBP']",0
"['PRP', 'VBZ']",0
"['NN', 'VBP']",0
,0
"['NNS', 'VB']",0
"['PRP', 'VBP']",0
"['PRP', 'VB']",0
,0
"['PRP', 'VBP']",0
"['NNS', 'VBN']",0
"['NNS', 'VB']",0
"['NNS', 'VB']",0
"['PRP', 'IN']",0
"['PRP', 'VB']",0
"['PRP', 'VBZ']",0
"['PRP', 'VBP']",0
"['PRP', 'VB']",0
"['NN', 'VB']",0
"['PRP', 'VBZ']",0
"['PRP', 'VBD']",0
"['PRP', 'VBZ']",0
,0
"['NN', 'VBN']",0
"['DT', 'VB']",0
"['PRP', 'VBZ']",0
"['PRP', 'VBN']",0
"['NNP', 'VBZ']",0
"['VB', 'VB']",0
"['NN', 'VB']",0
"['PRP', 'VBN']",0
"['NNS', 'VBP']",0
"['NN', 'VBZ']",0
"['WP', 'VBP']",0
,0
"['PRP', 'VBP']",0
"['NNS', 'VBP']",0
"['NN', 'VBZ']",0
"['PRP', 'VB']",0
"['DT', 'VBD']",0
"['PRP', 'VBP']",0
"['PRP', 'VB']",0
"['NN', 'VBD']",0
"['NNS', 'VBD']",0
"['PRP', 'VB']",0
"['PRP', 'VBP']",0
"['PRP', 'VBP']",0
"['NN', 'VBG']",0
"['NN', 'VBZ']",0
,0
"['PRP', 'VBZ']",0
"['PRP', 'VBP']",0
"['NNS', 'VBP']",0
"['PRP', 'VBP']",0
"['JJS', 'VBP']",0
"['PRP', 'VB']",0
"['JJS', 'VBZ']",0
"['PRP', 'VB']",0
"['PRP$', 'VBN']",0
"['PRP', 'VBP']",0
"['NN', 'VBP']",0
"['PRP', 'VBZ']",0
"['NN', 'VBZ']",0
"['PRP', 'VBP']",0
,0
"['PRP', 'VBP']",0
"['NNS', 'VBP']",0
"['WDT', 'VBN']",0
"['NNS', 'VBP']",0
"['NNS', 'VB']",0
"['PRP', 'VB']",0
"['PRP', 'VB']",0
"['PRP', 'VBD']",0
"['PRP', 'VBP']",0
"['NN', 'VBZ']",0
"['PRP', 'VBP']",0
,0
"['NNS', 'VB']",0
"['NNS', 'VBP']",0
"['NN', 'VBZ']",0
"['NNS', 'VBP']",0
"['NNS', 'VB']",0
"['NN', 'VBZ']",0
"['PRP', 'VBP']",0
"['NN', 'VB']",0
"['NN', 'VB']",0
"['NN', 'VBP']",0
"['PRP$', 'VBD']",0
"['NN', 'VB']",0
"['PRP', 'VBP']",0
"['PRP', 'IN']",0
"['PRP', 'VBP']",0
"['NN', 'VBZ']",0
"['PRP', 'VBD']",0
"['PRP', 'VBZ']",0
"['PRP', 'NN']",0
"['PRP', 'VBD']",0
,0
"['NN', 'VB']",0
"['PRP', 'VBP']",0
,0
"['CD', 'VBZ']",0
"['NN', 'VBZ']",0
"['DT', 'VBZ']",0
"['NNS', 'VBG']",0
"['NNS', 'VBP']",0
"['DT', 'VB']",0
"['DT', 'VBZ']",0
"['PRP', 'VB']",0
"['NNS', 'VBP']",0
"['PRP', 'VB']",0
"['PRP', 'VBN']",0
"['NN', 'VBZ']",0
"['PRP', 'VBP']",0
"['PRP', 'VBP']",0
,0
"['PRP', 'VBZ']",0
,0
"['PRP', 'VB']",0
"['PRP', 'VBP']",0
"['NNS', 'VBP']",0
"['PRP', 'VBN']",0
"['NNS', 'VBP']",0
"['PRP', 'VB']",0
,0
"['NNP', 'VBZ']",0
"['PRP', 'VB']",0
"['PRP', 'VB']",0
,0
"['PRP', 'VBP']",0
"['PRP', 'VB']",0
"['PRP', 'VBP']",0
"['NN', 'VBZ']",0
"['DT', 'VBZ']",0
"['NN', 'VBG']",0
"['PRP', 'VBZ']",0
"['PRP', 'NN']",0
"['PRP', 'VB']",0
"['NN', 'VBG']",0
"['PRP', 'VBD']",0
"['PRP', 'VB']",0
"['DT', 'VB']",0
"['PRP', 'VB']",0
"['DT', 'VBP']",0
"['NNS', 'VB']",0
"['PRP', 'VBP']",0
"['PRP', 'VB']",0
"['NNS', 'VB']",0
"['PRP', 'VBP']",0
"['WP', 'VBD']",0
"['PRP', 'VB']",0
"['NN', 'VB']",0
"['PRP', 'VBN']",0
"['NNS', 'VBD']",0
"['PRP', 'NN']",0
"['PRP', 'VBZ']",0
"['NNS', 'VBP']",0
"['NNS', 'VBN']",0
,0
"['NN', 'VBG']",0
"['NN', 'VBZ']",0
"['NNS', 'VBD']",0
"['PRP', 'VBP']",0
"['NN', 'VB']",0
"['PRP', 'VB']",0
"['PRP', 'VB']",0
,0
"['PRP', 'IN']",0
"['NNS', 'VBP']",0
"['NNS', 'VB']",0
"['NN', 'VB']",0
"['JJ', 'VB']",0
"['JJ', 'VB']",0
"['NNS', 'VBD']",0
"['NN', 'VB']",0
"['NNS', 'VB']",0
"['NN', 'VBZ']",0
"['PRP', 'VBD']",0
"['PRP', 'VBP']",0
"['PRP', 'VB']",0
"['PRP', 'VBP']",0
"['NN', 'VB']",0
,0
"['PRP', 'VBP']",0
"['PRP', 'VBP']",0
"['PRP', 'VBP']",0
"['NNS', 'VBP']",0
"['PRP', 'VBZ']",0
"['PRP', 'VBP']",0
"['NN', 'VB']",0
"['NN', 'VB']",0
"['DT', 'VBD']",0
"['NN', 'VBP']",0
"['PRP', 'VBN']",0
"['PRP', 'VBD']",0
"['PRP', 'VBZ']",0
"['PRP', 'VBP']",0
"['NNP', 'VBP']",0
"['PRP', 'VBP']",0
"['PRP', 'VB']",0
"['NN', 'VBZ']",0
"['PRP', 'VB']",0
"['PRP', 'VBD']",0
"['NN', 'VBP']",0
"['NN', 'VB']",0
"['PRP', 'VBP']",0
"['WDT', 'VBZ']",0
"['NNS', 'VBP']",0
"['IN', 'VBZ']",0
"['PRP', 'CC']",0
"['PRP', 'VBP']",0
"['PRP', 'VBZ']",0
"['PRP', 'VBZ']",0
"['PRP', 'VBZ']",0
,0
"['WP', 'VBP']",0
"['NNS', 'VBN']",0
"['PRP', 'VBG']",0
"['PRP', 'VBP']",0
"['PRP', 'VB']",0
"['NN', 'VB']",0
"['NN', 'VB']",0
"['JJ', 'VBZ']",0
"['PRP', 'VB']",0
"['PRP', 'VB']",0
"['DT', 'VBZ']",0
"['DT', 'VB']",0
"['WP', 'NNS']",0
"['DT', 'VBZ']",0
"['DT', 'VB']",0
"['PRP', 'VBD']",0
"['PRP', 'VB']",0
"['PRP', 'VBP']",0
"['NNS', 'VB']",0
"['NNS', 'VBP']",0
,0
"['NN', 'VBG']",0
"['PRP', 'VB']",0
"['PRP', 'VB']",0
"['PRP', 'VBP']",0
"['NNS', 'JJ']",0
"['NNP', 'VB']",0
"['PRP', 'VBD']",0
"['NNS', 'VBP']",0
"['NNS', 'VBD']",0
"['NNS', 'VBZ']",0
"['NNS', 'VBD']",0
"['PRP', 'VB']",0
"['NNS', 'VBP']",0
"['PRP', 'VBP']",0
"['NNS', 'VBD']",0
"['NNS', 'VBZ']",0
"['PRP', 'VBD']",0
"['PRP', 'VBD']",0
"['JJS', 'VBP']",0
"['DT', 'VBZ']",0
"['NN', 'VBN']",0
,0
"['PRP', 'VBP']",0
"['NNP', 'VBZ']",0
,0
"['NN', 'VBZ']",0
"['NN', 'IN']",0
"['NNS', 'VBZ']",0
"['DT', 'VBZ']",0
"['NN', 'VBZ']",0
"['WP', 'VB']",0
"['NN', 'VBP']",0
"['PRP', 'VB']",0
"['PRP', 'VBD']",0
"['NNS', 'VB']",0
"['NNS', 'VBP']",0
"['NNS', 'VBD']",0
"['WDT', 'VBN']",0
"['NNS', 'VBD']",0
"['PRP', 'VB']",0
"['NNS', 'VB']",0
"['NN', 'VBN']",0
"['PRP', 'VB']",0
"['NNS', 'VBP']",0
"['PRP', 'NNP']",0
"['NNP', 'CC']",0
"['NN', 'NN']",0
"['PRP', 'VBD']",0
"['PRP', 'VBP']",0
"['NNS', 'VB']",0
"['NN', 'VBZ']",0
"['PRP', 'VBZ']",0
"['PRP', 'VB']",0
"['PRP', 'VBD']",0
"['NNS', 'VB']",0
,0
"['PRP', 'VB']",0
"['VBZ', 'VB']",0
"['PRP', 'VBP']",0
"['WDT', 'VB']",0
"['DT', 'VBZ']",0
"['NNS', 'VBP']",0
"['NN', 'VBP']",0
"['NNS', 'VB']",0
"['NNS', 'VBD']",0
"['NNS', 'VBP']",0
"['NN', 'VB']",0
,0
"['PRP', 'VB']",0
"['PRP', 'VB']",0
,0
"['PRP', 'VBP']",0
"['PRP', 'VBP']",0
,0
"['NNS', 'VBP']",0
"['NN', 'VBN']",0
"['PRP', 'VBD']",0
"['NN', 'VBZ']",0
"['CD', 'VB']",0
"['NNS', 'VBZ']",0
"['PRP', 'VBZ']",0
"['PRP', 'VBZ']",0
"['NNS', 'VB']",0
"['NN', 'VB']",0
"['NN', 'VB']",0
"['NN', 'VB']",0
"['NNS', 'VBN']",0
,0
